comparison,comparison_latex,metric,n_pairs,mean_diff,median_diff,median_diff_ci95_low,median_diff_ci95_high,p_value_raw,p_value_holm
F_Vtilde - F_U,$F_{\widetilde{\mathcal{V}}}$ - $F_{\mathcal{U}}$,hausdorff,720,-1.0923259480192677,-1.054591582016019,-1.214999191362968,-0.8483314931079009,1.5273630790124015e-47,3.054726158024803e-47
F_Vtilde - F_U,$F_{\widetilde{\mathcal{V}}}$ - $F_{\mathcal{U}}$,matching_distance,497,-0.06460908641207587,-0.06931417218219324,-0.0757519335584595,-0.06333867474114663,4.2340832900865955e-65,1.2702249870259787e-64
F_Vdagger - F_U,$F_{\mathcal{V}^{\dagger}}$ - $F_{\mathcal{U}}$,hausdorff,720,-0.9447956287838296,-0.9287370758346579,-1.0777215765720183,-0.7413423596330468,1.0623972077101398e-38,1.0623972077101398e-38
F_Vdagger - F_U,$F_{\mathcal{V}^{\dagger}}$ - $F_{\mathcal{U}}$,matching_distance,497,-0.06616251085608829,-0.0728491575970984,-0.07765949415963846,-0.06666119885917385,8.566387811015877e-67,3.4265551244063507e-66
F_Vtilde - F_Vbar,$F_{\widetilde{\mathcal{V}}}$ - $F_{\overline{\mathcal{V}}}$,hausdorff,720,-1.3553369798020394,-1.052898252792689,-1.211566265759066,-0.8534379553694,6.1283980217805165e-83,4.2898786152463614e-82
F_Vtilde - F_Vbar,$F_{\widetilde{\mathcal{V}}}$ - $F_{\overline{\mathcal{V}}}$,matching_distance,707,-0.033546407565795584,-0.03278753696663775,-0.03599225458020963,-0.029386223778483454,2.968681176853828e-82,1.781208706112297e-81
F_Vdagger - F_Vbar,$F_{\mathcal{V}^{\dagger}}$ - $F_{\overline{\mathcal{V}}}$,hausdorff,720,-1.2078066605666011,-0.8763417703257078,-1.0005783707550258,-0.7607292804938234,1.2032821180528887e-75,6.016410590264443e-75
F_Vdagger - F_Vbar,$F_{\mathcal{V}^{\dagger}}$ - $F_{\overline{\mathcal{V}}}$,matching_distance,707,-0.03594646908266241,-0.034061435488125985,-0.03637123017290983,-0.030859465783055817,6.264644122002887e-88,5.0117152976023095e-87
