model,model_latex,metric,n,mean,std,median,q1,q3
F_U,$F_{\mathcal{U}}$,hausdorff,720,4.151075454316379,1.3530161000342509,4.103258757052388,3.127430172855823,5.019942148750776
F_U,$F_{\mathcal{U}}$,matching_distance,497,0.2614562381641168,0.05048348841785765,0.2649906619428195,0.23160157671426745,0.29645850598916984
F_Vbar,$F_{\overline{\mathcal{V}}}$,hausdorff,720,4.41408648609915,1.3928442039166082,4.4813677272279815,3.2985005187204637,5.370725951100638
F_Vbar,$F_{\overline{\mathcal{V}}}$,matching_distance,707,0.2316819402290335,0.033023665013872605,0.23080519921915257,0.21065501157325867,0.2512202538954136
F_Vtilde,$F_{\widetilde{\mathcal{V}}}$,hausdorff,720,3.058749506297111,1.4740009999261303,2.4851208545697276,1.9774538229250123,4.05664891871597
F_Vtilde,$F_{\widetilde{\mathcal{V}}}$,matching_distance,720,0.19858366022603866,0.02199606308294174,0.19601657450068977,0.18427559353912065,0.2110436840951333
F_Vdagger,$F_{\mathcal{V}^{\dagger}}$,hausdorff,720,3.2062798255325493,1.4869348701607785,2.723893558141838,2.003631285716536,4.320482264799315
F_Vdagger,$F_{\mathcal{V}^{\dagger}}$,matching_distance,720,0.19609347109874828,0.02151592416980769,0.1952349166535004,0.18172991184765033,0.20786426745303815
